SUBTYPE_TEMPLATE,AGE_TEMPLATE,SEX_TEMPLATE,TUMORSTAGE_TEMPLATE,STAGEEDITION_TEMPLATE,RACE_TEMPLATE,PRIMARY_TEMPLATE,PIROR_TEMPLATE,TREATMENT_TEMPLATE1,TREATMENT_TEMPLATE2
The sample belongs to subtype SUBTYPE.,The age is AGE years old.,This is a SEX.,The patient has been diagnosed with a TUMORSTAGE tumor.,This diagnosis relies on the EDITION edition of the criteria.,The person is RACE.,The patient was initially diagnosed with DIAGNOSIS.,This patient had a previous malignant tumor.,The patient received pharmaceutical therapy.,The patient underwent radiation therapy.
This sample is classified as subtype SUBTYPE.,This individual is AGE years of age.,This is a SEX individual.,A TUMORSTAGE tumor was found in the patient.,This diagnosis is grounded in the EDITION edition standards.,This individual is RACE.,The patient’s primary diagnosis was DIAGNOSIS.,The patient had an earlier malignant tumor.,The patient was treated with pharmaceutical therapy.,The patient was treated with radiation therapy.
a histopathological photograph showing SUBTYPE.,Person of AGE years old.,This person is a SEX.,The diagnosis revealed a TUMORSTAGE tumor in the patient.,The diagnosis has been made according to the EDITION edition guidelines.,The individual identifies as RACE.,The patient received a primary diagnosis of DIAGNOSIS.,This patient had a malignant tumor before this diagnosis.,The patient underwent medication therapy.,The patient received radiotherapy.
shows SUBTYPE.,The age of this person is AGE.,This individual is a SEX.,The patient received a diagnosis of a TUMORSTAGE tumor.,This diagnosis is determined by the EDITION edition criteria.,The race of this person is RACE.,The patient was first diagnosed with DIAGNOSIS.,The patient had a past malignant tumor.,The patient has completed pharmaceutical therapy.,The patient has been given radiation therapy.
SUBTYPE is present.,This person is aged AGE.,SEX.,The patient has a tumor classified as TUMORSTAGE.,This assessment is based on the criteria outlined in the EDITION edition.,This person belongs to the RACE race.,DIAGNOSIS was the initial diagnosis for the patient.,This patient was diagnosed with a malignant tumor before.,The patient underwent drug therapy.,The patient was administered radiation therapy.
The sample corresponds to subtype SUBTYPE.,This individual has reached the age of AGE.,a SEX.,It was determined that the patient has a TUMORSTAGE tumor.,This diagnosis follows the EDITION edition standards.,RACE race.,The patient was diagnosed primarily with DIAGNOSIS.,The patient had a prior history of a malignant tumor.,The patient has received pharmacological treatment.,The patient has undergone radiation treatment.
This is a subtype SUBTYPE sample.,The age stands at AGE.,This person identifies as a SEX.,The patient was identified as having a TUMORSTAGE tumor.,This diagnosis is derived from the EDITION edition criteria.,This person is regarded as RACE.,The patient was first identified as having DIAGNOSIS.,This patient had a malignant tumor in the past.,The patient was administered pharmaceutical therapy.,The patient participated in radiation therapy.
a histopathological image showing SUBTYPE.,This person is currently AGE years old.,a SEX is present.,A diagnosis of TUMORSTAGE tumor was made for the patient.,This diagnosis utilizes the EDITION edition criteria.,The person’s ethnicity is RACE.,DIAGNOSIS was the primary diagnosis for the patient.,The patient previously experienced a malignant tumor.,The patient participated in pharmaceutical therapy.,The patient completed radiation therapy.
a histopathological image of SUBTYPE.,It is now AGE years old.,This is a SEX here.,The patient is suffering from a TUMORSTAGE tumor.,This evaluation is based on the standards from the EDITION edition.,This individual is classified as RACE.,The patient’s first diagnosis was DIAGNOSIS.,This patient has a history of a malignant tumor.,The patient was given pharmaceutical therapy.,The patient was subjected to radiation therapy.
an H&E image showing SUBTYPE.,This individual is AGE.,This is someone of the SEX gender.,The medical assessment showed a TUMORSTAGE tumor in the patient.,This diagnosis adheres to the EDITION edition guidelines.,The person is of a RACE racial background.,The patient was diagnosed with DIAGNOSIS as the primary condition.,The patient once had a malignant tumor.,The patient has been through pharmaceutical therapy.,The patient had radiation treatment.
an H&E image of SUBTYPE.,Age is AGE years.,This is a SEX present.,The patient was assessed with a TUMORSTAGE tumor.,The diagnosis is established according to the EDITION edition standards.,This individual is identified as RACE.,The primary diagnosis for the patient was DIAGNOSIS.,This patient has no record of malignant tumors.,The patient did not undergo pharmaceutical therapy.,The patient did not undergo radiation therapy.
The sample is part of subtype SUBTYPE.,This person is in the AGEth year.,This individual is SEX.,A TUMORSTAGE tumor was diagnosed in the patient.,This diagnosis references the criteria from the EDITION edition.,The person is part of the RACE demographic.,The patient was diagnosed with DIAGNOSIS in the first instance.,There is no history of malignant tumors in this patient.,The patient has not been treated with pharmaceutical therapy.,The patient has not been treated with radiation therapy.
The sample is recognized as subtype SUBTYPE.,This person has lived for AGE years.,This is a SEX who's here.,The patient has been found to have a TUMORSTAGE tumor.,This assessment relies on the principles outlined in the EDITION edition.,This person belongs to the RACE group.,The DIAGNOSIS diagnosis was made as the primary condition for the patient.,This patient does not have a history of malignant tumors.,The patient has not received any pharmaceutical therapy.,The patient has not received any radiation therapy.
This is classified as subtype SUBTYPE.,This individual celebrates AGE years of age.,This person is SEX.,The medical evaluation indicated a TUMORSTAGE tumor in the patient.,This diagnosis integrates the standards set forth in the EDITION edition.,The person's heritage is RACE.,The patient was primarily assessed and diagnosed with DIAGNOSIS.,This patient has never had malignant tumors.,The patient did not receive medication therapy.,The patient did not have radiation therapy.
The sample reflects subtype SUBTYPE.,This person is AGE years old.,sex of SEX .,The patient’s diagnosis includes a TUMORSTAGE tumor.,The criteria for this diagnosis are based on the EDITION edition.,This individual comes from a RACE race.,The patient was diagnosed initially with DIAGNOSIS.,The patient has no previous occurrences of malignant tumors.,The patient has not undergone drug therapy.,The patient has not undergone radiotherapy.
The sample matches subtype SUBTYPE.,This person completed AGE years.,This is one of the SEX.,They discovered a TUMORSTAGE tumor in the patient.,This diagnosis is made following the guidelines of the EDITION edition.,The individual's race is identified as RACE.,DIAGNOSIS was diagnosed as the primary issue for the patient.,This patient lacks a history of malignant tumors.,The patient was not administered pharmaceutical therapy.,The patient was not administered radiation therapy.
The sample is subtype SUBTYPE.,The age is AGE.,This individual identifies as SEX.,The patient was informed of a TUMORSTAGE tumor diagnosis.,This diagnosis is supported by the standards of the EDITION edition.,This person is of a RACE racial identity.,The patient’s diagnosis was primarily DIAGNOSIS.,There is no evidence of past malignant tumors in this patient.,The patient did not participate in pharmaceutical therapy.,The patient did not participate in radiation therapy.
The sample has been assigned to subtype SUBTYPE.,This individual's age is AGE.,This person is categorized as a SEX.,The patient has been revealed to have a TUMORSTAGE tumor.,The basis for this diagnosis is the EDITION edition of the criteria.,The individual is categorized as RACE.,The patient exhibited DIAGNOSIS as the primary diagnosis.,This patient has never been diagnosed with malignant tumors.,The patient has not received pharmacological treatment.,The patient has not had radiation treatment.
an H&E stained image of SUBTYPE.,AGE years old.,This is a person of the SEX sex.,A TUMORSTAGE tumor has been diagnosed for this patient.,This diagnosis has been formulated using the EDITION edition standards.,This person fits the classification of RACE.,The patient was diagnosed with DIAGNOSIS as the main condition.,The patient does not have any history of malignant tumors.,The patient had not been given pharmaceutical therapy.,The patient was not given radiation therapy.
an H&E stained image showing SUBTYPE.,A person lived AGE years.,This individual is recognized as a SEX.,The patient has been classified with a TUMORSTAGE tumor.,This assessment is grounded in the criteria from the EDITION edition.,The race of this individual is identified as RACE.,The diagnosis of DIAGNOSIS was made as the primary finding for the patient.,This patient shows no history of malignant tumors.,The patient has not been through pharmaceutical therapy.,The patient has not been through radiation therapy.
